assay	tissue	library	accessionid	clientaccessionid	index1	index2	clientgroupname	pairednormalaccessionid	pairednormalclientaccessionid
rnaseq	blood-rnaseq	SH11869	FT-SA239502	6519029118-01	GCGCAAGC	TCACGCCG	21743-10305	NA	NA
rnaseq	blood-rnaseq	SH11869	FT-SA239503	6522426233-01	AAGATACT	ACTTACAT	21897-30304	NA	NA
rnaseq	blood-rnaseq	SH11869	FT-SA239504	6517927843-16	GGAGCGTC	GTCCGTGC	21743-10305	NA	NA
rnaseq	blood-rnaseq	SH11869	FT-SA239505	6520513500-01	ATGGCATG	AAGGTACC	24077-10502	NA	NA
rnaseq	blood-rnaseq	SH11869	FT-SA239506	6520679062-16	GCAATGCA	GGAACGTT	24077-10502	NA	NA
rnaseq	blood-rnaseq	SH11869	FT-SA239507	6519948055-01	GTTCCAAT	AATTCTGC	17418-10404	NA	NA
rnaseq	blood-rnaseq	SH11869	FT-SA239508	6520455656-01	ACCTTGGC	GGCCTCAT	17418-10503	NA	NA
rnaseq	blood-rnaseq	SH11869	FT-SA239509	6519948065-16	ATATCTCG	ATCTTAGT	17418-10503	NA	NA
rnaseq	blood-rnaseq	SH11869	FT-SA239510	6523264755-01	GCGCTCTA	GCTCCGAC	17418-30204	NA	NA
rnaseq	blood-rnaseq	SH11869	FT-SA239511	6521192699-16	AACAGGTT	ATACCAAG	17418-10507	NA	NA
rnaseq	blood-rnaseq	SH11869	FT-SA239512	6521035456-16	GGTGAACC	GCGTTGGA	21743-30103	NA	NA
rnaseq	blood-rnaseq	SH11869	FT-SA239513	6522415821-16	CAACAATG	CTTCACGG	21897-30304	NA	NA
rnaseq	blood-rnaseq	SH11869	FT-SA239514	6519948056-01	TGGTGGCA	TCCTGTAA	17418-10504	NA	NA
rnaseq	blood-rnaseq	SH11869	FT-SA239515	6520410767-16	GTTCGCCG	GCTCATTG	21743-30101	NA	NA
rnaseq	blood-rnaseq	SH11869	FT-SA239516	6521035449-01	CACGAGCG	ATCTGCCA	21743-30103	NA	NA
rnaseq	blood-rnaseq	SH11869	FT-SA239517	6520410768-16	TGCGGCGT	CCTCGGTA	21743-10501	NA	NA
rnaseq	blood-rnaseq	SH11869	FT-SA239518	6522331858-01	CATAATAC	TTCTAACG	17418-30303	NA	NA
rnaseq	blood-rnaseq	SH11869	FT-SA239519	6522268807-16	GATCTATC	ATGAGGCT	17418-30303	NA	NA
rnaseq	blood-rnaseq	SH11869	FT-SA239520	6517927844-16	AGCTCGCT	GCAGAATC	21743-10303	NA	NA
rnaseq	blood-rnaseq	SH11869	FT-SA239521	6521301904-01	CGGAACTG	CACTACGA	17418-10507	NA	NA
rnaseq	blood-rnaseq	SH11869	FT-SA239522	6517927797-01	TAAGGTCA	TGTCGTAG	24077-10301	NA	NA
rnaseq	blood-rnaseq	SH11869	FT-SA239523	6519974942-01	TTGCCTAG	ACCACTTA	21897-10402	NA	NA
rnaseq	blood-rnaseq	SH11869	FT-SA239524	6517927805-16	CCATTCGA	GTTGTCCG	24077-10301	NA	NA
rnaseq	blood-rnaseq	SH11879	FT-SA237923	652072018848	ATGAGGCC	GTTAATTG	20214-20204	NA	NA
rnaseq	blood-rnaseq2	SH12235	FT-SA245993	652288548201	CAATTAAC	CGAGATAT	05572-40405	NA	NA
rnaseq	blood-rnaseq2	SH12235	FT-SA245994	652288548516	TGGCCGGT	TAGAGCGC	05572-40405	NA	NA
rnaseq	blood-rnaseq2	SH12235	FT-SA245995	660470421001	AGTACTCC	AACCTGTT	17413-40408	NA	NA
rnaseq	blood-rnaseq2	SH12235	FT-SA245996	660470422116	GACGTCTT	GGTTCACC	17413-40408	NA	NA
rnaseq	blood-rnaseq2	SH12235	FT-SA245997	652352329501	TGCGAGAC	CATTGTTG	17418-40403	NA	NA
rnaseq	blood-rnaseq2	SH12235	FT-SA245998	652346707616	CATAGAGT	TGCCACCA	17418-40403	NA	NA
rnaseq	blood-rnaseq2	SH12235	FT-SA245999	652352329801	ACAGGCGC	CTCTGCCT	17418-40404	NA	NA
rnaseq	blood-rnaseq2	SH12235	FT-SA246000	652352329916	GTGAATAT	TCTCATTC	17418-40404	NA	NA
rnaseq	blood-rnaseq2	SH12235	FT-SA246001	652352329701	AACTGTAG	ACGCCGCA	17418-30206	NA	NA
rnaseq	blood-rnaseq2	SH12235	FT-SA246002	652352330016	GGTCACGA	GTATTATG	17418-30206	NA	NA
rnaseq	blood-rnaseq2	SH12235	FT-SA246003	652348389901	CTGCTTCC	GATAGATC	23556-40401	NA	NA
rnaseq	blood-rnaseq2	SH12235	FT-SA246004	652354703816	TCATCCTT	AGCGAGCT	23556-40401	NA	NA
rnaseq	blood-rnaseq2	SH12235	FT-SA246005	652348390101	AGGTTATA	CAGTTCCG	23556-40402	NA	NA
rnaseq	blood-rnaseq2	SH12235	FT-SA246006	652348391516	GAACCGCG	TGACCTTA	23556-40402	NA	NA
rnaseq	blood-rnaseq2	SH12235	FT-SA246007	652348390001	CTCACCAA	CTAGGCAA	23556-40406	NA	NA
rnaseq	blood-rnaseq2	SH12235	FT-SA246008	652348391216	TCTGTTGG	TCGAATGG	23556-40406	NA	NA
rnaseq	blood-rnaseq2	SH12235	FT-SA246009	652348389701	TATCGCAC	CTTAGTGT	23556-30207	NA	NA
rnaseq	blood-rnaseq2	SH12235	FT-SA246010	652348391616	CGCTATGT	TCCGACAC	23556-30207	NA	NA
rnaseq	blood-rnaseq2	SH12235	FT-SA246011	652348390201	GTATGTTC	AACAGGAA	23556-40410	NA	NA
rnaseq	blood-rnaseq2	SH12235	FT-SA246012	652348391316	ACGCACCT	GGTGAAGG	23556-40410	NA	NA
rnaseq	blood-rnaseq2	SH12235	FT-SA246013	652348389801	TACTCATA	CCTGTGGC	23556-40409	NA	NA
rnaseq	blood-rnaseq2	SH12235	FT-SA246014	652348391716	CGTCTGCG	TTCACAAT	23556-40409	NA	NA
rnaseq	blood-rnaseq2	SH12235	FT-SA246015	652368292501	TCGATATC	ACACGAGT	23556-30104	NA	NA
rnaseq	blood-rnaseq2	SH12235	FT-SA246016	652368293416	CTAGCGCT	GTGTAGAC	23556-30104	NA	NA
rnaseq	blood-rnaseq2	SH12235	FT-SA246017	652368292401	ACACTAAG	ATCCATAT	23556-30105	NA	NA
rnaseq	blood-rnaseq2	SH12235	FT-SA246018	652348391416	GTGTCGGA	GCTTGCGC	23556-30105	NA	NA
rnaseq	blood-rnaseq2	SH12235	FT-SA246019	660466672401	TTCCTGTT	AGTATCTT	26463-40407	NA	NA
rnaseq	blood-rnaseq2	SH12235	FT-SA246020	660466673516	CCTTCACC	GACGCTCC	26463-40407	NA	NA
rnaseq	blood-rnaseq3	SH12328	FT-SA247182	652285464804	ACACTAAG	ATCCATAT	17418-20207	NA	NA
rnaseq	blood-rnaseq3	SH12328	FT-SA247183	652226880516	GTGTCGGA	GCTTGCGC	17418-20207	NA	NA
rnaseq	blood-rnaseq3	SH12328	FT-SA247184	652237971901	TTCCTGTT	AGTATCTT	30608-20206	NA	NA
rnaseq	blood-rnaseq3	SH12328	FT-SA247185	652237972116	CCTTCACC	GACGCTCC	30608-20206	NA	NA
rnaseq	blood-rnaseq3	SH12328	FT-SA247186	652176026101	GCCACAGG	CATGCCAT	05572-20208	NA	NA
rnaseq	blood-rnaseq3	SH12328	FT-SA247187	652288548416	ATTGTGAA	TGCATTGC	05572-20208	NA	NA
rnaseq	blood-rnaseq3	SH12328	FT-SA247188	652242897401	ACTCGTGT	ATTGGAAC	23556-20209	NA	NA
rnaseq	blood-rnaseq3	SH12328	FT-SA247189	652283512735	GTCTACAC	GCCAAGGT	23556-20209	NA	NA
rnaseq	blood-rnaseq3	SH12328	FT-SA247190	652242897301	CAATTAAC	CGAGATAT	23556-20210	NA	NA
rnaseq	blood-rnaseq3	SH12328	FT-SA247191	652348391116	TGGCCGGT	TAGAGCGC	23556-20210	NA	NA
rnaseq	blood-rnaseq3	SH12328	FT-SA247192	652284104401	AGTACTCC	AACCTGTT	21743-20211	NA	NA
rnaseq	blood-rnaseq3	SH12328	FT-SA247193	652284105416	GACGTCTT	GGTTCACC	21743-20211	NA	NA
rnaseq	blood-rnaseq3	SH12328	FT-SA247194	652284104601	TGCGAGAC	CATTGTTG	21743-20301	NA	NA
rnaseq	blood-rnaseq3	SH12328	FT-SA247195	652284105316	CATAGAGT	TGCCACCA	21743-20301	NA	NA
rnaseq	blood-rnaseq3	SH12328	FT-SA247196	652409157001	ACAGGCGC	CTCTGCCT	23556-20302	NA	NA
rnaseq	blood-rnaseq3	SH12328	FT-SA247197	652368293316	GTGAATAT	TCTCATTC	23556-20302	NA	NA
rnaseq	blood-rnaseq3	SH12328	FT-SA247198	652368292301	CCGCGGTT	AGCGCTAG	23556-20303	NA	NA
rnaseq	blood-rnaseq3	SH12328	FT-SA247199	652368293216	TTATAACC	GATATCGA	23556-20303	NA	NA
rnaseq	blood-rnaseq3	SH12328	FT-SA247200	652423071601	GGACTTGG	CGCAGACG	30608-20306	NA	NA
rnaseq	blood-rnaseq3	SH12328	FT-SA247201	652470350816	AAGTCCAA	TATGAGTA	30608-20306	NA	NA
rnaseq	blood-rnaseq3	SH12328	FT-SA247202	652423071801	ATCCACTG	AGGTGCGT	30608-30107	NA	NA
rnaseq	blood-rnaseq3	SH12328	FT-SA247203	652423073016	GCTTGTCA	GAACATAC	30608-30107	NA	NA
rnaseq	blood-rnaseq3	SH12328	FT-SA247204	652423092901	CAAGCTAG	ACATAGCG	24077-30108	NA	NA
rnaseq	blood-rnaseq3	SH12328	FT-SA247205	652423094016	TGGATCGA	GTGCGATA	24077-30108	NA	NA
rnaseq	blood-rnaseq3	SH12328	FT-SA247206	652423088401	CCAAGTCT	AAGGATGA	23556-50103	NA	NA
rnaseq	blood-rnaseq3	SH12328	FT-SA247207	652426195916	TTGGACTC	GGAAGCAG	23556-50103	NA	NA
rnaseq	blood-rnaseq3	SH12328	FT-SA247208	652426195601	CAGTAGGC	TGACGAAT	23556-50105	NA	NA
rnaseq	blood-rnaseq3	SH12328	FT-SA247209	652423089616	TGACGAAT	CAGTAGGC	23556-50105	NA	NA
rnaseq	blood-rnaseq4	SH13166	FT-SA275693	652409156901	CCGCGGTT	AGCGCTAG	23556-30106	NA	NA
rnaseq	blood-rnaseq4	SH13166	FT-SA275694	652417202516	TTATAACC	GATATCGA	23556-30106	NA	NA
rnaseq	blood-rnaseq4	SH13166	FT-SA275695	652423092701	GGACTTGG	CGCAGACG	24077-30109	NA	NA
rnaseq	blood-rnaseq4	SH13166	FT-SA275696	652423094116	AAGTCCAA	TATGAGTA	24077-30109	NA	NA
rnaseq	blood-rnaseq4	SH13166	FT-SA275697	660466673316	ATCCACTG	AGGTGCGT	31765-40101	NA	NA
rnaseq	blood-rnaseq4	SH13166	FT-SA275698	660466672601	GCTTGTCA	GAACATAC	31765-40101	NA	NA
rnaseq	blood-rnaseq4	SH13166	FT-SA275699	660470429201	CAAGCTAG	ACATAGCG	25093-40102	NA	NA
rnaseq	blood-rnaseq4	SH13166	FT-SA275700	660470430016	TGGATCGA	GTGCGATA	25093-40102	NA	NA
rnaseq	blood-rnaseq4	SH13166	FT-SA275701	660466668501	AGTTCAGG	CCAACAGA	31190-40103	NA	NA
rnaseq	blood-rnaseq4	SH13166	FT-SA275702	660466669416	GACCTGAA	TTGGTGAG	31190-40103	NA	NA
rnaseq	blood-rnaseq4	SH13166	FT-SA275703	660470429001	TCTCTACT	CGCGGTTC	25093-40104	NA	NA
rnaseq	blood-rnaseq4	SH13166	FT-SA275704	660470429916	CTCTCGTC	TATAACCT	25093-40104	NA	NA
rnaseq	blood-rnaseq4	SH13166	FT-SA275705	622175171301	CCAAGTCT	AAGGATGA	27789-40201	NA	NA
rnaseq	blood-rnaseq4	SH13166	FT-SA275706	622175172316	TTGGACTC	GGAAGCAG	27789-40201	NA	NA
rnaseq	blood-rnaseq4	SH13166	FT-SA275707	622215551601	CAGTAGGC	TGACGAAT	27789-40202	NA	NA
rnaseq	blood-rnaseq4	SH13166	FT-SA275708	622215552316	TGACGAAT	CAGTAGGC	27789-40202	NA	NA
rnaseq	blood-rnaseq4	SH13166	FT-SA275709	652352330611	TAATACAG	ATATTCAC	17418-40301	NA	NA
rnaseq	blood-rnaseq4	SH13166	FT-SA275710	652369256401	CGGCGTGA	GCGCCTGT	17418-40301	NA	NA
rnaseq	blood-rnaseq4	SH13166	FT-SA275711	660470421101	ATGTAAGT	ACTCTATG	17413-40302	NA	NA
rnaseq	blood-rnaseq4	SH13166	FT-SA275712	660470422016	GCACGGAC	GTCTCGCA	17413-40302	NA	NA
rnaseq	blood-rnaseq4	SH13166	FT-SA275713	652399031301	GGTACCTT	AAGACGTC	11463-40303	NA	NA
rnaseq	blood-rnaseq4	SH13166	FT-SA275714	652399031816	AACGTTCC	GGAGTACT	11463-40303	NA	NA
rnaseq	blood-rnaseq4	SH13166	FT-SA275715	622175171201	GCAGAATT	ACCGGCCA	27789-40304	NA	NA
rnaseq	blood-rnaseq4	SH13166	FT-SA275716	622175172116	ATGAGGCC	GTTAATTG	27789-40304	NA	NA
rnaseq	blood-rnaseq4	SH13166	FT-SA275717	652423097001	ACTAAGAT	AACCGCGG	25955-40305	NA	NA
rnaseq	blood-rnaseq4	SH13166	FT-SA275718	652416674611	GTCGGAGC	GGTTATAA	25955-40305	NA	NA
rnaseq	blood-rnaseq4	SH13166	FT-SA275719	652424989901	CTTGGTAT	CCAAGTCC	21743-40411	NA	NA
rnaseq	blood-rnaseq4	SH13166	FT-SA275720	652423081416	TCCAACGC	TTGGACTT	21743-40411	NA	NA
rnaseq	blood-rnaseq4	SH13166	FT-SA275721	652426195501	CCGTGAAG	CAGTGGAT	23556-40412	NA	NA
rnaseq	blood-rnaseq4	SH13166	FT-SA275722	652426196116	TTACAGGA	TGACAAGC	23556-40412	NA	NA
rnaseq	blood-rnaseq4	SH13166	FT-SA275723	660484154201	GGCATTCT	CTAGCTTG	17413-40413	NA	NA
rnaseq	blood-rnaseq4	SH13166	FT-SA275724	660470421916	AATGCCTC	TCGATCCA	17413-40413	NA	NA
rnaseq	blood-rnaseq4	SH13166	FT-SA275725	660470421201	TACCGAGG	CCTGAACT	17413-40414	NA	NA
rnaseq	blood-rnaseq4	SH13166	FT-SA275726	660485569816	CGTTAGAA	TTCAGGTC	17413-40414	NA	NA
rnaseq	blood-rnaseq4	SH13166	FT-SA275727	622175171401	AGCCTCAT	AGTAGAGA	27789-40415	NA	NA
rnaseq	blood-rnaseq4	SH13166	FT-SA275728	622175172216	GATTCTGC	GACGAGAG	27789-40415	NA	NA
rnaseq	blood-rnaseq4	SH13166	FT-SA275729	652369256501	TCGTAGTG	AGACTTGG	17418-50101	NA	NA
rnaseq	blood-rnaseq4	SH13166	FT-SA275730	652352330216	CTACGACA	GAGTCCAA	17418-50101	NA	NA
rnaseq	blood-rnaseq4	SH13166	FT-SA275731	652426195701	TAAGTGGT	CTTAAGCC	23556-50104	NA	NA
rnaseq	blood-rnaseq4	SH13166	FT-SA275732	652426196016	CGGACAAC	TCCGGATT	23556-50104	NA	NA
rnaseq	blood-rnaseq4	SH13170	FT-SA275733	652423071901	ATATGGAT	CTGTATTA	20214-50106	NA	NA
rnaseq	blood-rnaseq4	SH13170	FT-SA275734	652423072816	GCGCAAGC	TCACGCCG	20214-50106	NA	NA
rnaseq	blood-rnaseq4	SH13170	FT-SA275735	652423076101	AAGATACT	ACTTACAT	21274-50107	NA	NA
rnaseq	blood-rnaseq4	SH13170	FT-SA275736	652423077016	GGAGCGTC	GTCCGTGC	21274-50107	NA	NA
rnaseq	blood-rnaseq4	SH13170	FT-SA275737	652423084301	ATGGCATG	AAGGTACC	21897-50108	NA	NA
rnaseq	blood-rnaseq4	SH13170	FT-SA275738	652388374516	GCAATGCA	GGAACGTT	21897-50108	NA	NA
rnaseq	blood-rnaseq4	SH13170	FT-SA275739	660484311901	GTTCCAAT	AATTCTGC	27476-40106	NA	NA
rnaseq	blood-rnaseq4	SH13170	FT-SA275740	660484312816	ACCTTGGC	GGCCTCAT	27476-40106	NA	NA
rnaseq	blood-rnaseq4	SH13170	FT-SA275741	660517357701	ATATCTCG	ATCTTAGT	22828-40107	NA	NA
rnaseq	blood-rnaseq4	SH13170	FT-SA275742	660512084316	GCGCTCTA	GCTCCGAC	22828-40107	NA	NA
rnaseq	blood-rnaseq4	SH13170	FT-SA275743	660517464101	AACAGGTT	ATACCAAG	27476-40109	NA	NA
rnaseq	blood-rnaseq4	SH13170	FT-SA275744	660507024516	GGTGAACC	GCGTTGGA	27476-40109	NA	NA
rnaseq	blood-rnaseq4	SH13170	FT-SA275745	622199661601	CAACAATG	CTTCACGG	21600-40203	NA	NA
rnaseq	blood-rnaseq4	SH13170	FT-SA275746	622199664216	TGGTGGCA	TCCTGTAA	21600-40203	NA	NA
rnaseq	blood-rnaseq4	SH13170	FT-SA275747	652423088701	GTTCGCCG	GCTCATTG	23556-40204	NA	NA
rnaseq	blood-rnaseq4	SH13170	FT-SA275748	622234489801	CACGAGCG	ATCTGCCA	21600-40205	NA	NA
rnaseq	blood-rnaseq4	SH13170	FT-SA275749	622252052016	TGCGGCGT	CCTCGGTA	21600-40205	NA	NA
rnaseq	blood-rnaseq4	SH13170	FT-SA275750	622276085601	CATAATAC	TTCTAACG	21600-40207	NA	NA
rnaseq	blood-rnaseq4	SH13170	FT-SA275751	622252052216	GATCTATC	ATGAGGCT	21600-40207	NA	NA
rnaseq	blood-rnaseq4	SH13170	FT-SA275752	652423096901	AGCTCGCT	GCAGAATC	25955-40306	NA	NA
rnaseq	blood-rnaseq4	SH13170	FT-SA275753	652423098116	CGGAACTG	CACTACGA	25955-40306	NA	NA
rnaseq	blood-rnaseq4	SH13170	FT-SA275754	652521232801	TAAGGTCA	TGTCGTAG	20214-40307	NA	NA
rnaseq	blood-rnaseq4	SH13170	FT-SA275755	652521234116	TTGCCTAG	ACCACTTA	20214-40307	NA	NA
rnaseq	blood-rnaseq4	SH13170	FT-SA275756	652521232501	CCATTCGA	GTTGTCCG	20214-40308	NA	NA
rnaseq	blood-rnaseq4	SH13170	FT-SA275757	652506733316	ACACTAAG	ATCCATAT	20214-40308	NA	NA
rnaseq	blood-rnaseq4	SH13170	FT-SA275758	652521260501	GTGTCGGA	GCTTGCGC	20214-40309	NA	NA
rnaseq	blood-rnaseq4	SH13170	FT-SA275759	652521262116	TTCCTGTT	AGTATCTT	20214-40309	NA	NA
rnaseq	blood-rnaseq4	SH13170	FT-SA275760	652533778601	CCTTCACC	GACGCTCC	23556-40310	NA	NA
rnaseq	blood-rnaseq4	SH13170	FT-SA275761	652533778916	GCCACAGG	CATGCCAT	23556-40310	NA	NA
rnaseq	blood-rnaseq4	SH13170	FT-SA275762	652521260601	ATTGTGAA	TGCATTGC	20214-40416	NA	NA
rnaseq	blood-rnaseq4	SH13170	FT-SA275763	652521234316	ACTCGTGT	ATTGGAAC	20214-40416	NA	NA
rnaseq	blood-rnaseq4	SH13170	FT-SA275764	652423065201	GTCTACAC	GCCAAGGT	17418-40417	NA	NA
rnaseq	blood-rnaseq4	SH13170	FT-SA275765	652423066416	CAATTAAC	CGAGATAT	17418-40417	NA	NA
rnaseq	blood-rnaseq4	SH13170	FT-SA275766	652417202401	TGGCCGGT	TAGAGCGC	23556-40418	NA	NA
rnaseq	blood-rnaseq4	SH13170	FT-SA275767	652422344016	AGTACTCC	AACCTGTT	23556-40418	NA	NA
rnaseq	blood-rnaseq4	SH13170	FT-SA275768	652417202301	GACGTCTT	GGTTCACC	23556-40419	NA	NA
rnaseq	blood-rnaseq4	SH13170	FT-SA275769	652423089816	TGCGAGAC	CATTGTTG	23556-40419	NA	NA
rnaseq	blood-rnaseq4	SH13170	FT-SA275770	652533778501	CATAGAGT	TGCCACCA	23556-40420	NA	NA
rnaseq	blood-rnaseq4	SH13170	FT-SA275771	652532459216	ACAGGCGC	CTCTGCCT	23556-40420	NA	NA
rnaseq	blood-rnaseq4	SH13170	FT-SA275772	660486310901	GTGAATAT	TCTCATTC	28153-50109	NA	NA
rnaseq	blood-rnaseq4	SH13171	FT-SA275773	660486311916	AACTGTAG	ACGCCGCA	28153-50109	NA	NA
rnaseq	blood-rnaseq4	SH13171	FT-SA275774	652423080101	GGTCACGA	GTATTATG	21743-50110	NA	NA
rnaseq	blood-rnaseq4	SH13171	FT-SA275775	652424990516	CTGCTTCC	GATAGATC	21743-50110	NA	NA
rnaseq	blood-rnaseq4	SH13171	FT-SA275776	652422343901	TCATCCTT	AGCGAGCT	23556-50111	NA	NA
rnaseq	blood-rnaseq4	SH13171	FT-SA275777	652423089916	AGGTTATA	CAGTTCCG	23556-50111	NA	NA
rnaseq	blood-rnaseq4	SH13171	FT-SA275778	652423080301	GAACCGCG	TGACCTTA	21743-50112	NA	NA
rnaseq	blood-rnaseq4	SH13171	FT-SA275779	652424990416	CTCACCAA	CTAGGCAA	21743-50112	NA	NA
rnaseq	blood-rnaseq4	SH13171	FT-SA275780	652521266801	TCTGTTGG	TCGAATGG	21274-50113	NA	NA
rnaseq	blood-rnaseq4	SH13171	FT-SA275781	652521266916	TATCGCAC	CTTAGTGT	21274-50113	NA	NA
rnaseq	blood-rnaseq4	SH13171	FT-SA275782	652423088501	CGCTATGT	TCCGACAC	23556-50114	NA	NA
rnaseq	blood-rnaseq4	SH13171	FT-SA275783	652423089716	GTATGTTC	AACAGGAA	23556-50114	NA	NA
rnaseq	blood-rnaseq4	SH13171	FT-SA275784	652470350701	ACGCACCT	GGTGAAGG	20214-50115	NA	NA
rnaseq	blood-rnaseq4	SH13171	FT-SA275785	652521233916	TACTCATA	CCTGTGGC	20214-50115	NA	NA
rnaseq	blood-rnaseq4	SH13171	FT-SA275786	660479190801	CGTCTGCG	TTCACAAT	31765-50116	NA	NA
rnaseq	blood-rnaseq4	SH13171	FT-SA275787	660490737716	TCGATATC	ACACGAGT	31765-50116	NA	NA
rnaseq	blood-rnaseq4	SH13171	FT-SA275788	660510854001	CTAGCGCT	GTGTAGAC	11014-50117	NA	NA
rnaseq	blood-rnaseq4	SH13171	FT-SA275789	660510855016	CCGCGGTT	AGCGCTAG	11014-50117	NA	NA
rnaseq	blood-rnaseq4	SH13171	FT-SA275790	652423088601	TTATAACC	GATATCGA	23556-50118	NA	NA
rnaseq	blood-rnaseq4	SH13171	FT-SA275791	652533779016	GGACTTGG	CGCAGACG	23556-50118	NA	NA
rnaseq	blood-rnaseq4	SH13171	FT-SA275792	652426195801	AAGTCCAA	TATGAGTA	23556-50119	NA	NA
rnaseq	blood-rnaseq4	SH13171	FT-SA275793	652533778816	ATCCACTG	AGGTGCGT	23556-50119	NA	NA
rnaseq	blood-rnaseq4	SH13171	FT-SA275794	652533778701	GCTTGTCA	GAACATAC	23556-50120	NA	NA
rnaseq	blood-rnaseq4	SH13171	FT-SA275795	652533779116	CAAGCTAG	ACATAGCG	23556-50120	NA	NA
rnaseq	blood-rnaseq5	SH13118	FT-SA274529	652470350601	TATCGCAC	CTTAGTGT	20214-20307	NA	NA
rnaseq	blood-rnaseq5	SH13118	FT-SA274530	652470351116	CGCTATGT	TCCGACAC	20214-20307	NA	NA
rnaseq	blood-rnaseq5	SH13118	FT-SA274531	652423065101	GTATGTTC	AACAGGAA	17418-20309	NA	NA
rnaseq	blood-rnaseq5	SH13118	FT-SA274532	652617472509	ACGCACCT	GGTGAAGG	17418-20309	NA	NA
rnaseq	blood-rnaseq5	SH13118	FT-SA274533	652570661311	TACTCATA	CCTGTGGC	23556-20310	NA	NA
rnaseq	blood-rnaseq5	SH13118	FT-SA274534	652534242609	CGTCTGCG	TTCACAAT	23556-20310	NA	NA
rnaseq	blood-rnaseq5	SH13118	FT-SA274535	652489976701	TCGATATC	ACACGAGT	24077-20112	NA	NA
rnaseq	blood-rnaseq5	SH13118	FT-SA274536	652423093916	CTAGCGCT	GTGTAGAC	24077-20112	NA	NA
rnaseq	tumor-rnaseq	SH11889	FT-SA227993R	6520720179-04	AGAATCAC	CTCTAACT	20102	NA	NA
rnaseq	tumor-rnaseq	SH11889	FT-SA227994R	6520794373-04	AGCCTCTC	ATAGCACG	20104	NA	NA
rnaseq	tumor-rnaseq	SH11889	FT-SA227999R	6521327873-06	GCCTCCAA	GAACGCAG	20106	NA	NA
rnaseq	tumor-rnaseq	SH11889	FT-SA228001R	6521327874-07	GAAGCATC	CTGCTGAG	20107	NA	NA
rnaseq	tumor-rnaseq	SH11889	FT-SA228003R	6520931901-05	GACCATCT	AATGCTGT	20110	NA	NA
rnaseq	tumor-rnaseq	SH11889	FT-SA228008R	6521107997-05	ACGAAGAT	CGGACCTA	20109	NA	NA
rnaseq	tumor-rnaseq	SH11889	FT-SA228009R	6521410050-06	AACTTCGC	TACGACAA	20202	NA	NA
rnaseq	tumor-rnaseq	SH11889	FT-SA228012R	6522261381-05	TCAGGACA	GCGGCTTA	20204	NA	NA
rnaseq	tumor-rnaseq	SH11889	FT-SA228013R	6521496058-05	CTGCTCAC	CACTTGAT	20205	NA	NA
rnaseq	tumor-rnaseq	SH11889	FT-SA228014R	6522261380-05	TGAACTGA	GCGAAGCA	20205	NA	NA
rnaseq	tumor-rnaseq	SH11889	FT-SA239373R	 -03	CAACAGGA	TGAACGTT	21743-10303	NA	NA
rnaseq	tumor-rnaseq	SH11889	FT-SA239375R	6517927819-04	GACGTCGA	CTTAGGAT	24077-10301	NA	NA
rnaseq	tumor-rnaseq	SH11889	FT-SA239376R	6518403126-03	GATTGCCT	GATCTCTG	21897-10401	NA	NA
rnaseq	tumor-rnaseq	SH11889	FT-SA239377R	6518403125-03	CTTGAGGC	CGGAATGT	21897-10402	NA	NA
rnaseq	tumor-rnaseq	SH11889	FT-SA239378R	6519948079-13	TCGACGGT	ATAGGTTG	17418-10403	NA	NA
rnaseq	tumor-rnaseq	SH11889	FT-SA239379R	6519948080-03	CTTAGCCT	TCTCGGTA	17418-10404	NA	NA
rnaseq	tumor-rnaseq	SH11889	FT-SA239380R	6519619186-04	AAGAGACA	AACACTCG	21743-10501	NA	NA
rnaseq	tumor-rnaseq	SH11889	FT-SA239384R	6520629888-05	AAGCCGCA	AAGTAGGT	17418-10507	NA	NA
rnaseq	tumor-rnaseq	SH11889	FT-SA239387R	6519619185-05	ACATAGTG	ACAACTTC	21743-30103	NA	NA
rnaseq	tumor-rnaseq	SH11889	FT-SA239388R	6520506787-06	AGAATTCG	ACAAGAGC	21897-30201	NA	NA
rnaseq	tumor-rnaseq	SH11889	FT-SA239389R	6519948077-06	AGCCAGTA	ACTATCAG	17418-30303	NA	NA
rnaseq	tumor-rnaseq	SH11890	FT-SA227990R	6520794372-04	GCGAGTCT	TAAGCGCA	20101	NA	NA
rnaseq	tumor-rnaseq	SH11890	FT-SA227991R	6520794374-04	CGCTCATG	GCAGACCA	20101	NA	NA
rnaseq	tumor-rnaseq	SH11890	FT-SA227992R	6520720181-04	CCGTGCAT	CTGGCTGA	20102	NA	NA
rnaseq	tumor-rnaseq	SH11890	FT-SA227995R	6521410054-06	CCAGTCAA	CTGCCACA	20104	NA	NA
rnaseq	tumor-rnaseq	SH11890	FT-SA227996R	6521410053-05	GCTTATGT	ATTCCGCG	20105	NA	NA
rnaseq	tumor-rnaseq	SH11890	FT-SA227997R	6521410056-06	GTATTCCA	TATCCATG	20105	NA	NA
rnaseq	tumor-rnaseq	SH11890	FT-SA227998R	6520794367-05	TCGCGATT	TCGGATAG	20106	NA	NA
rnaseq	tumor-rnaseq	SH11890	FT-SA228000R	6521410058-06	TACGTGCA	TCCTATAC	20107	NA	NA
rnaseq	tumor-rnaseq	SH11890	FT-SA228002R	6522120655-05	ATTGCTCT	CAGACTTC	20110	NA	NA
rnaseq	tumor-rnaseq	SH11890	FT-SA228004R	6520931899-06	TGGCCTGT	TGTCCAGA	20110	NA	NA
rnaseq	tumor-rnaseq	SH11890	FT-SA228005R	6520931900-06	AATCGCTC	AGAGGCAG	20110	NA	NA
rnaseq	tumor-rnaseq	SH11890	FT-SA228006R	6521327875-06	TCTCCATC	TGATGTGC	20201	NA	NA
rnaseq	tumor-rnaseq	SH11890	FT-SA228007R	6521107996-05	ATGGTGTG	GATGACCT	20109	NA	NA
rnaseq	tumor-rnaseq	SH11890	FT-SA228010R	6521410046-07	GACATCCT	GTGTCAAC	20202	NA	NA
rnaseq	tumor-rnaseq	SH11890	FT-SA228011R	6520720180-05	CATGTCCG	CTCCTGTA	20204	NA	NA
rnaseq	tumor-rnaseq	SH11890	FT-SA236296R	6520794369-05	GAACAATG	GCCGTATG	11463-20201	NA	NA
rnaseq	tumor-rnaseq	SH11890	FT-SA239381R	6518605013-03	CACGGATC	CATACCGC	24077-10502	NA	NA
rnaseq	tumor-rnaseq	SH11890	FT-SA239382R	6519948078-04	GTATGGAG	TACCATCA	17418-10503	NA	NA
rnaseq	tumor-rnaseq	SH11890	FT-SA239390R	6520506788-06	AGCGCAAC	AGTAGTGA	21897-30304	NA	NA
rnaseq	tumor-rnaseq	SH11890	FT-SA239391R	6523042055-06	ATCTCGAC	AGTTCCTT	17418-30204	NA	NA
rnaseq	tumor-rnaseq	SH11890	FT-SA239392R	6523042052-06	CCTACCGA	GACCGTTC	17418-30205	NA	NA
rnaseq	tumor-rnaseq	SH11890	FT-SA239393R	6523042053-06	ATGATAGC	ATAGACCT	17418-30306	NA	NA
rnaseq	tumor-rnaseq	SH12238	FT-SA246075R	ML2314600	CTAGGCCA	TGCAGGCA	23556-40402	NA	NA
rnaseq	tumor-rnaseq	SH12238	FT-SA246076R	ML2314607	GCAATCGA	TTCGAGTA	17418-40403	NA	NA
rnaseq	tumor-rnaseq	SH12238	FT-SA246078R	ML2314601	CCATAGCA	GAGACGCT	23556-30105	NA	NA
rnaseq	tumor-rnaseq	SH12238	FT-SA246079R	ML2314609	TTCTGACT	CTCCTCGT	17418-30206	NA	NA
rnaseq	tumor-rnaseq	SH12238	FT-SA246080R	ML2314605	AGTGAGCT	TAGGTCGC	23556-30207	NA	NA
rnaseq	tumor-rnaseq	SH12238	FT-SA246081R	ML2314603	AAGCGAAT	ACATGATG	23556-40401	NA	NA
rnaseq	tumor-rnaseq	SH12238	FT-SA246082R	ML2314606	TCTCGCAC	CCTTGGAA	05572-40405	NA	NA
rnaseq	tumor-rnaseq	SH12238	FT-SA246083R	ML2314602	ACCTGAGT	GACTGGAA	23556-40406	NA	NA
rnaseq	tumor-rnaseq	SH12238	FT-SA246085R	ML2314599	AAGACAGT	CAGGCATA	23556-40409	NA	NA
rnaseq	tumor-rnaseq	SH12238	FT-SA246087R	ML2314598	CTAACTCT	CTACGATG	17418-40404	NA	NA
rnaseq	tumor-rnaseq	SH12238	FT-SA246088R	ML2315131	CCGACTAA	GTAGTGAC	26463-40407	NA	NA
rnaseq	tumor-rnaseq-ae	SH13265	FT-SA274897R	6524230675	TACATCTG	CCAGATCG	17418-40417	ML2407601	NA
rnaseq	tumor-rnaseq-ae	SH13265	FT-SA274898R	6526409261	CCGTCTCT	TGAGTGTC	20214-40308	ML2407580	NA
rnaseq	tumor-rnaseq-ae	SH13265	FT-SA274899R	AVD-59ZZV-8767A	GACTATAC	ACCTGGAG	AVD-59ZZV-8767	ML2407139	NA
rnaseq	tumor-rnaseq-ae	SH13265	FT-SA274901R	AVD-59ZZV-5704A	ACGCTGTC	GCTAGGAC	AVD-59ZZV-5704	ML2407141	NA
rnaseq	tumor-rnaseq-ae	SH13265	FT-SA274902R	AVD-59ZZV-5488A	AAGCAGTT	AGACAATC	AVD-59ZZV-5488	ML2407142	NA
rnaseq	tumor-rnaseq-ae	SH13265	FT-SA274903R	AVD-59ZZV-8034A	TCCATTGT	AGTGTAGC	AVD-59ZZV-8034	ML2407143	NA
rnaseq	tumor-rnaseq-ae	SH13265	FT-SA274904R	AVD-59ZZV-5442A	AGATTCCT	GACGCTCA	AVD-59ZZV-5442	ML2407144	NA
rnaseq	tumor-rnaseq-ae	SH13265	FT-SA274905R	AVD-59ZZV-8619A	CGCATAAG	TAGACGAC	  AVD-59ZZV-8619  	ML2407145	NA
rnaseq	tumor-rnaseq-ae	SH13265	FT-SA274906R	AVD-59ZZV-1087A	GAGGAGTA	CAGTAGAA	AVD-59ZZV-1087	ML2407146	NA
rnaseq	tumor-rnaseq-ae	SH13265	FT-SA274907R	AVD-59ZZV-6490A	TTCGTTCT	ATGCGTAA	AVD-59ZZV-6490	ML2407147	NA
rnaseq	tumor-rnaseq-ae	SH13265	FT-SA274908R	AVD-59ZZV-3238A	GTCAGATG	AATCACCG	AVD-59ZZV-3238	ML2407148	NA
rnaseq	tumor-rnaseq-ae	SH13265	FT-SA328060R	652691400607	AGATGTTG	CGCTCTAC	23556-50105	NA	NA
rnaseq	tumor-rnaseq-ae	SH13266	FT-SA274900R	AVD-59ZZV-7721A	GAGGCTCT	TGTAACCG	AVD-59ZZV-7721	ML2407140	NA
rnaseq	tumor-rnaseq-ae	SH13266	FT-SA274909R	22G-15941	CTCGACTC	ATCTTGAC	XX015775	ML2407149	NA
rnaseq	tumor-rnaseq-ae	SH13266	FT-SA274910R	22G-15943	AAGCTTCG	ATTGTCCG	XX407721	ML2407150	NA
rnaseq	tumor-rnaseq-ae	SH13266	FT-SA274911R	22G-15671	TCTGAGAC	CACAGGAC	XX505067	ML2407151	NA
rnaseq	tumor-rnaseq-ae	SH13266	FT-SA274912R	22G-16557	CTAAGGCG	CCGAAGAT	XX614024	ML2407152	NA
rnaseq	tumor-rnaseq-ae	SH13266	FT-SA274913R	21G-3114	TCGTTGTG	GTAACACT	XX874464	ML2407153	NA
rnaseq	tumor-rnaseq-ae	SH13266	FT-SA274914R	21G-3116	ACAGAGAA	ATCCGGTC	XX874467	ML2407154	NA
rnaseq	tumor-rnaseq-ae	SH13266	FT-SA274915R	21G-3099	TGCAGACA	AACGGTAA	XX874473	ML2407155	NA
rnaseq	tumor-rnaseq-ae	SH13266	FT-SA274916R	XY125778-0021	AGCTAATC	GCCTAGTT	XY125778	ML2407156	NA
rnaseq	tumor-rnaseq-ae	SH13266	FT-SA274917R	22G-9708	AATCCACT	TGGAAGGC	XY215391	ML2407157	NA
rnaseq	tumor-rnaseq-ae	SH13266	FT-SA274918R	BW21-4055	AGCACCAT	CAACGCTA	XY381604	ML2407158	NA
rnaseq	tumor-rnaseq3	SH12341	FT-SA247154R	6521089222-07	CGATCAAT	CAGTGACT	20207	NA	NA
rnaseq	tumor-rnaseq3	SH12341	FT-SA247155R	6523042056-06	TACTCGCG	AAGATCAC	20207	NA	NA
rnaseq	tumor-rnaseq3	SH12341	FT-SA247156R	6522261382-05	ACTGTCAC	CTTGCATT	20206	NA	NA
rnaseq	tumor-rnaseq3	SH12341	FT-SA247157R	6521496059-05	TTCGGAGC	TAGAGAAG	20206	NA	NA
rnaseq	tumor-rnaseq3	SH12341	FT-SA247158R	6521760288-07	TGGTGGTC	GTACTTCG	20208	NA	NA
rnaseq	tumor-rnaseq3	SH12341	FT-SA247159R	6521760289-06	ATCATCAG	CTCACAAG	20208	NA	NA
rnaseq	tumor-rnaseq3	SH12341	FT-SA247160R	6521438078-06	AATTGTGC	GCGACAGT	20209	NA	NA
rnaseq	tumor-rnaseq3	SH12341	FT-SA247161R	6523041967-07	GACAGTGT	CGAAGACG	20209	NA	NA
rnaseq	tumor-rnaseq3	SH12341	FT-SA247162R	6523041966-06	ATCGCACG	GCGCTAAG	20210	NA	NA
rnaseq	tumor-rnaseq3	SH12341	FT-SA247163R	6523041968-06	ACATCCTC	AACGTGGA	20210	NA	NA
rnaseq	tumor-rnaseq3	SH12341	FT-SA247164R	6523041536-06	TAGCGCCA	CGAAGCGT	20211	NA	NA
rnaseq	tumor-rnaseq3	SH12341	FT-SA247165R	6522046866-06	GTCCTGAC	AAGCCGTT	20211	NA	NA
rnaseq	tumor-rnaseq3	SH12341	FT-SA247166R	6523041537-06	CGGATTAT	TGCTGAAC	20301	NA	NA
rnaseq	tumor-rnaseq3	SH12341	FT-SA247167R	6524040193-06	CACGAGCT	GCTCAGAG	20301	NA	NA
rnaseq	tumor-rnaseq3	SH12341	FT-SA247168R	6523547041-06	TAAGGCGC	GATGGATG	20302	NA	NA
rnaseq	tumor-rnaseq3	SH12341	FT-SA247169R	6523824045-07	GATAATGC	GTATGTCA	20302	NA	NA
rnaseq	tumor-rnaseq3	SH12341	FT-SA247170R	6523824046-06	CTAGGCCA	TGCAGGCA	20303	NA	NA
rnaseq	tumor-rnaseq3	SH12341	FT-SA247171R	6524404055-06	GCAATCGA	TTCGAGTA	20303	NA	NA
rnaseq	tumor-rnaseq3	SH12341	FT-SA247172R	6523017630-06	CCATAGCA	GAGACGCT	20306	NA	NA
rnaseq	tumor-rnaseq3	SH12341	FT-SA247173R	6523017631-06	TTCTGACT	CTCCTCGT	20306	NA	NA
rnaseq	tumor-rnaseq3	SH12341	FT-SA247174R	6524230738-10	AGTGAGCT	TAGGTCGC	30107	NA	NA
rnaseq	tumor-rnaseq3	SH12341	FT-SA247175R	6524230737-10	AAGCGAAT	ACATGATG	30107	NA	NA
rnaseq	tumor-rnaseq3	SH12341	FT-SA247176R	6524230947-10	TCTCGCAC	CCTTGGAA	30108	NA	NA
rnaseq	tumor-rnaseq3	SH12341	FT-SA247177R	6524230948-10	ACAGTGCT	CATTCTCA	30108	NA	NA
rnaseq	tumor-rnaseq3	SH12341	FT-SA247178R	6524230913-06	AAGACAGT	CAGGCATA	50103	NA	NA
rnaseq	tumor-rnaseq3	SH12341	FT-SA247179R	6524226743-06	CTAACTCT	CTACGATG	50103	NA	NA
rnaseq	tumor-rnaseq3	SH12341	FT-SA247180R	6524230914-06	CCGACTAA	GTAGTGAC	50105	NA	NA
rnaseq	tumor-rnaseq3	SH12341	FT-SA247181R	6524226742-06	TGATCATC	ACAGGACT	50105	NA	NA
rnaseq	tumor-rnaseq4	SH13205	FT-SA275025R	6524091582	CCAAGTCA	TCCTCGCA	23556-30106	ML2402464	NA
rnaseq	tumor-rnaseq4	SH13205	FT-SA275026R	6518721110	TAGGAATC	GTTACTCA	24077-30109	ML2402465	NA
rnaseq	tumor-rnaseq4	SH13205	FT-SA275027R	6604666753	TAGAATCG	CGTGACAG	31765-40101	ML2402471	NA
rnaseq	tumor-rnaseq4	SH13205	FT-SA275028R	6604704318	CAGTAGTC	CACGATTA	25093-40102	ML2402473	NA
rnaseq	tumor-rnaseq4	SH13205	FT-SA275029R	6604907356	TCTAGCCA	AGAGTCTT	31190-40103	ML2402477	NA
rnaseq	tumor-rnaseq4	SH13205	FT-SA275031R	6221751733	ATACTGGA	ATGTTCTC	27789-40201	ML2402527	NA
rnaseq	tumor-rnaseq4	SH13205	FT-SA275032R	6222155534	TCGAGTTG	GCATGCAA	27789-40202	ML2402525	NA
rnaseq	tumor-rnaseq4	SH13205	FT-SA275033R	6523692580	CACTGTTA	ACATAGCA	17418-40301	ML2402459	NA
rnaseq	tumor-rnaseq4	SH13205	FT-SA275034R	6604704238	AGTAAGTG	CTACAAGC	17413-40302	ML2402472	NA
rnaseq	tumor-rnaseq4	SH13205	FT-SA275035R	6523043018	CCTTCGTG	CCGATTCT	11463-40303	ML2402462	NA
rnaseq	tumor-rnaseq4	SH13205	FT-SA275036R	6221751734	GTCGAATA	GAGAGCTA	27789-40304	ML2402526	NA
rnaseq	tumor-rnaseq4	SH13205	FT-SA275037R	6524230994	AGTACATC	CACAAGGA	25955-40305	ML2402463	NA
rnaseq	tumor-rnaseq4	SH13205	FT-SA275038R	6523525026	TGGTACTA	TGGAGCAA	21743-40411	ML2405790	NA
rnaseq	tumor-rnaseq4	SH13205	FT-SA275039R	6523483942	CGCGAACA	ATACCTGA	23556-40412	ML2405791	NA
rnaseq	tumor-rnaseq4	SH13205	FT-SA275041R	6604807624	GTGCCTCA	GTCCGCTA	17413-40414	ML2402476	NA
rnaseq	tumor-rnaseq4	SH13205	FT-SA275043R	6523467079	CGAACTAC	ACTGGTTC	17418-50101	ML2402461	NA
rnaseq	tumor-rnaseq4	SH13205	FT-SA275046R	6524230789	CAAGGTGA	TCAGGCTT	21274-50107	ML2402468	NA
rnaseq	tumor-rnaseq4	SH13205	FT-SA275047R	6524230871	AGCGTGAG	GATACAGA	21897-50108	ML2402467	NA
rnaseq	tumor-rnaseq4	SH13205	FT-SA275048R	6604666712	AGTCTGAA	CAAGAATG	25446-40105	ML2405819	NA
rnaseq	tumor-rnaseq4	SH13205	FT-SA275049R	6604843139	ACTCAGCG	AGATGCCT	27476-40106	ML2405818	NA
rnaseq	tumor-rnaseq4	SH13205	FT-SA275050R	6604704279	TGTTCACG	TCGCTACT	22828-40107	ML2405817	NA
rnaseq	tumor-rnaseq4	SH13205	FT-SA275051R	6604843138	GCACAGTA	CAACTGAA	27476-40109	ML2405816	NA
rnaseq	tumor-rnaseq4	SH13205	FT-SA275052R	6221996636	ATCGACAA	TCTTGTAG	21600-40203	ML2405823	NA
rnaseq	tumor-rnaseq4	SH13205	FT-SA275056R	6524230995	ACAATTGC	AAGCAACT	25955-40306	ML2405785	NA
rnaseq	tumor-rnaseq4	SH13205	FT-SA275057R	6525212420	CGCTAGGA	CTCTCGAA	20214-40307	ML2405786	NA
rnaseq	tumor-rnaseq4	SH13205	FT-SA275059R	6525212421	AACAGCCG	GATAGGCG	20214-40309	ML2405788	NA
rnaseq	tumor-rnaseq4	SH13205	FT-SA275060R	6523041963	ACTCACTT	TCTAGATG	23556-40310	ML2405789	NA
rnaseq	tumor-rnaseq4	SH13205	FT-SA275061R	6525067355	AGGACGAA	CAATACCG	20214-40416	ML2405792	NA
rnaseq	tumor-rnaseq4	SH13205	FT-SA275062R	6524230677	ACAGCTAT	CGCCATTC	17418-40417	ML2405793	NA
rnaseq	tumor-rnaseq4	SH13205	FT-SA275063R	6524230910	CATACTTG	GAATCGGT	23556-40418	ML2405794	NA
rnaseq	tumor-rnaseq4	SH13205	FT-SA275066R	6605070268	CCGTTCTC	CCGCTCAT	28153-50109	ML2405814	NA
rnaseq	tumor-rnaseq4	SH13205	FT-SA275067R	6524230830	TGGACAAT	AATATGGC	21743-50110	ML2405797	NA
rnaseq	tumor-rnaseq4	SH13205	FT-SA275068R	6524230908	CTCCAAGC	GCGTTCAC	23556-50111	ML2405798	NA
rnaseq	tumor-rnaseq4	SH13205	FT-SA275069R	6524230828	GCAGTTCA	CAGTAAGC	21743-50112	ML2405799	NA
rnaseq	tumor-rnaseq4	SH13205	FT-SA275070R	6524230786	GCCACTTC	GCACTGTT	21274-50113	ML2405800	NA
rnaseq	tumor-rnaseq4	SH13205	FT-SA275072R	6524230744	TGTGCGAT	TCCTAACG	20214-50115	ML2405802	NA
rnaseq	tumor-rnaseq4	SH13205	FT-SA275073R	6604906437	CTGTCGTA	CAAGATAC	31765-50116	ML2405815	NA
rnaseq	tumor-rnaseq4	SH13205	FT-SA275074R	6605108565	GAAGCGGT	TTGAGACT	11014-50117	ML2405813	NA
rnaseq	tumor-rnaseq4	SH13205	FT-SA275077R	6525706865	TAACTCAC	AGGCTTCG	23556-50120	ML2405805	NA
rnaseq	tumor-rnaseq4	SH13217	FT-SA275042R	6221751735	ATCTCCTA	ATGCCAAG	27789-40415	ML2402528	NA
rnaseq	tumor-rnaseq4	SH13217	FT-SA275045R	6524230747	ACAAGGTC	AGAACGAA	20214-50106	ML2402460	NA
rnaseq	tumor-rnaseq4	SH13217	FT-SA275053R	6524230909	TACGGCCT	TGAGGTCA	23556-40204	ML2405784	NA
rnaseq	tumor-rnaseq4	SH13217	FT-SA275055R	6222538820	TGACCTTG	GTCGCATA	21600-40207	ML2405821	NA
rnaseq	tumor-rnaseq4	SH13217	FT-SA275064R	6523547043	CAGACGCT	AGCGTTCA	23556-40419	ML2405795	NA
rnaseq	tumor-rnaseq4	SH13217	FT-SA275065R	6524404054	ATCGGCGT	ATTAGACG	23556-40420	ML2405796	NA
rnaseq	tumor-rnaseq4	SH13217	FT-SA275071R	6524230915	ATTCGAGT	CAAGCCTC	23556-50114	ML2405801	NA
rnaseq	tumor-rnaseq4	SH13217	FT-SA275075R	6524226741	GCATCATA	TCATCCAT	23556-50118	ML2405803	NA
rnaseq	tumor-rnaseq4	SH13217	FT-SA275076R	6524226744	CGGACCTT	CGGTACCA	23556-50119	ML2405804	NA
rnaseq	tumor-rnaseq4	SH13255	FT-SA275030R	6604704319	GTAACGTG	AGCGCCAA	25093-40104	ML2402474	NA
rnaseq	tumor-rnaseq4	SH13255	FT-SA275040R	6604807623	CTTCTCGA	TCCGTTCG	17413-40413	ML2402475	NA
rnaseq	tumor-rnaseq4	SH13255	FT-SA275044R	6524230912	GAGTTATC	GCATGAGT	23556-50104	ML2402466	NA
rnaseq	tumor-rnaseq5	SH13122	FT-SA274542R	652304168206	TCCGTCTC	CCGTGTGT	20112	NA	NA
rnaseq	tumor-rnaseq5	SH13122	FT-SA274543R	652304167906	CGCAAGTC	GTGATCAT	20112	NA	NA
rnaseq	tumor-rnaseq5	SH13122	FT-SA274544R	652301762906	CTCTATCG	TATGCCTA	20307	NA	NA
rnaseq	tumor-rnaseq5	SH13122	FT-SA274545R	652506734806	TAGAGGTA	CAATCTTG	20307	NA	NA
rnaseq	tumor-rnaseq5	SH13122	FT-SA274546R	652423067206	CAGATAAC	GATCAAGC	20309	NA	NA
rnaseq	tumor-rnaseq5	SH13122	FT-SA274547R	652617476906	AGAGGTGT	TGACCTTA	20309	NA	NA
rnaseq	tumor-rnaseq5	SH13122	FT-SA274548R	652382404406	TAGTAGCT	GAAGGAAC	20310	NA	NA
rnaseq	tumor-rnaseq5	SH13122	FT-SA274549R	652658252906	CGTGCTGA	AAGGACAT	20310	NA	NA
wes	germline-wes	SH11860	FT-SA237930	652079434717	TTCGCAGT	ACGTAGTA	11463-20101	NA	NA
wes	germline-wes	SH11860	FT-SA237931	652079437817	GAAACATA	ACGTAGTA	11463-20105	NA	NA
wes	germline-wes	SH11860	FT-SA237932	652150701417	TGGGCATT	ACGTAGTA	11463-20107	NA	NA
wes	germline-wes	SH11860	FT-SA237933	652079434617	GCAGCAGT	ACGTAGTA	11463-20104	NA	NA
wes	germline-wes	SH11861	FT-SA237934	652079434517	AGAACAAT	ACGTAGTA	11463-20106	NA	NA
wes	germline-wes	SH11861	FT-SA237935	652079438034	CCAATAGA	ACGTAGTA	11463-20201	NA	NA
wes	germline-wes	SH11861	FT-SA237936	652176125617	ATAGCATT	ACGTAGTA	11463-20202	NA	NA
wes	germline-wes	SH11861	FT-SA237937	652093187217	CTAAGAAT	ACGTAGTA	18877-20110	NA	NA
wes	germline-wes	SH11862	FT-SA237938	652072015317	CTACCAGT	ACGTTCCA	20214-20102	NA	NA
wes	germline-wes	SH11862	FT-SA237939	652072018834	TCGTCAAA	ACGTTCCA	20214-20204	NA	NA
wes	germline-wes	SH11862	FT-SA237941	652103544817	TACTCAGA	ACGTTCCA	21743-20109	NA	NA
wes	germline-wes	SH11862	FT-SA239464	6523241568-17	TGAGACAA	ACGTCAGA	17418-30205	NA	NA
wes	germline-wes	SH11863	FT-SA239465	6522854650-17	CTTAGATA	ACGTCAGA	17418-30306	NA	NA
wes	germline-wes	SH11863	FT-SA239466	6517927836-17	GATCTGTG	ACGTCAGA	21743-10303	NA	NA
wes	germline-wes	SH11863	FT-SA239467	6520259480-17	ACTTTGTG	ACGTCAGA	21897-30201	NA	NA
wes	germline-wes	SH11863	FT-SA239468	6520500324-17	CCACTGTG	ACGTCAGA	21743-30101	NA	NA
wes	germline-wes	SH11864	FT-SA239469	6520410765-17	CCTGAGTG	ACGTCAGA	21743-30102	NA	NA
wes	germline-wes	SH11864	FT-SA239470	6519948054-17	ATTCAGTG	ACGTCAGA	17418-10403	NA	NA
wes	germline-wes	SH11864	FT-SA239471	6520410764-17	CAGTAGTG	ACGTCAGA	21743-10501	NA	NA
wes	germline-wes	SH11864	FT-SA239472	6519454374-17	GCATAGTG	ACGTACGT	21897-10401	NA	NA
wes	germline-wes	SH11865	FT-SA239473	6519029118-17	CAAGTTTG	ACGTACGT	21743-10305	NA	NA
wes	germline-wes	SH11865	FT-SA239474	6520455656-17	ACAGTCTG	ACGTACGT	17418-10503	NA	NA
wes	germline-wes	SH11865	FT-SA239475	6520513500-17	CTATTCTG	ACGTACGT	24077-10502	NA	NA
wes	germline-wes	SH11865	FT-SA239476	6522426233-17	GATGGCTG	ACGTACGT	21897-30304	NA	NA
wes	germline-wes	SH11866	FT-SA239477	6519948055-17	CTGGACTG	ACGTACGT	17418-10404	NA	NA
wes	germline-wes	SH11866	FT-SA239478	6523264755-17	GCGGATTG	ACGTACGT	17418-30204	NA	NA
wes	germline-wes	SH11866	FT-SA239479	6519948056-17	CATTGTTG	ACGTACGT	17418-10504	NA	NA
wes	germline-wes	SH11866	FT-SA239480	6519974942-17	AAGTCATT	ACGTTCCA	21897-10402	NA	NA
wes	germline-wes	SH11867	FT-SA239481	6521035449-17	AGTTCAGT	ACGTTCCA	21743-30103	NA	NA
wes	germline-wes	SH11867	FT-SA239482	6522331858-17	GTGTCAAT	ACGTTCCA	17418-30303	NA	NA
wes	germline-wes	SH11867	FT-SA239483	6521301904-17	CTTTCGAA	ACGTTCCA	17418-10507	NA	NA
wes	germline-wes	SH11867	FT-SA239484	6517927797-17	GGATCATT	ACGTTCCA	24077-10301	NA	NA
wes	germline-wes	SH11878	FT-SA237940	652208117104	CATAAAGT	ACGTACGT	20214-20205	NA	NA
wes	germline-wes2	SH12234	FT-SA246061	652288548217	CTGTGATG	ACGACCTT	05572-40405	NA	NA
wes	germline-wes2	SH12234	FT-SA246062	660470421017	AGCTTAAG	ACGACCTT	17413-40408	NA	NA
wes	germline-wes2	SH12234	FT-SA246063	652352329517	GCGTAAGG	ACGACCTT	17418-40403	NA	NA
wes	germline-wes2	SH12234	FT-SA246064	652352329817	ACATGAAG	ACGACCTT	17418-40404	NA	NA
wes	germline-wes2	SH12234	FT-SA246065	652352329717	AATGCATG	ACGACCTT	17418-30206	NA	NA
wes	germline-wes2	SH12234	FT-SA246066	652348389917	CATGGAAG	ACGACCTT	23556-40401	NA	NA
wes	germline-wes2	SH12234	FT-SA246067	652348390117	ATTCCAAG	ACGACCTT	23556-40402	NA	NA
wes	germline-wes2	SH12234	FT-SA246068	652348390017	ATGACAGG	ACGACCTT	23556-40406	NA	NA
wes	germline-wes2	SH12234	FT-SA246069	652348389717	CCTACAAG	ACTAACGA	23556-30207	NA	NA
wes	germline-wes2	SH12234	FT-SA246070	652348390217	GTACCATG	ACTAACGA	23556-40410	NA	NA
wes	germline-wes2	SH12234	FT-SA246071	652348389817	CAACTAAG	ACTAACGA	23556-40409	NA	NA
wes	germline-wes2	SH12234	FT-SA246072	652368292517	GATACAGG	ACTAACGA	23556-30104	NA	NA
wes	germline-wes2	SH12234	FT-SA246073	652368292417	TCTTAATG	ACTAACGA	23556-30105	NA	NA
wes	germline-wes2	SH12234	FT-SA246074	660466672417	CACTCATG	ACTAACGA	26463-40407	NA	NA
wes	germline-wes3	SH12343	FT-SA247709	652285464917	CGGTACCT	ACCGTAAT	17418-20207	NA	NA
wes	germline-wes3	SH12343	FT-SA247710	652237971917	CTTGTGAG	ACACAGGC	30608-20206	NA	NA
wes	germline-wes3	SH12343	FT-SA247711	652176026117	AGGAACAG	TAGCTCAG	05572-20208	NA	NA
wes	germline-wes3	SH12343	FT-SA247712	652242897417	TCAGCAGC	AAGACATG	23556-20209	NA	NA
wes	germline-wes3	SH12343	FT-SA247713	652242897317	CCAATCCT	CGGTGTTA	23556-20210	NA	NA
wes	germline-wes3	SH12343	FT-SA247714	652284104417	TCCAGATC	CAACAGTC	21743-20211	NA	NA
wes	germline-wes3	SH12343	FT-SA247715	652284104617	AAGGTGGA	CTCGTTAG	21743-20301	NA	NA
wes	germline-wes3	SH12343	FT-SA247716	652409157017	ATTAGGAC	CCTATATC	23556-20302	NA	NA
wes	germline-wes3	SH12343	FT-SA247717	652368292317	TTAGTCCG	CATAGCAG	23556-20303	NA	NA
wes	germline-wes3	SH12343	FT-SA247718	652423071617	GAATCCTT	TACGTACA	30608-20306	NA	NA
wes	germline-wes3	SH12343	FT-SA247719	652423071817	TGAGCCAA	ATCCGAGT	30608-30107	NA	NA
wes	germline-wes3	SH12343	FT-SA247720	652423092917	ATACCTAC	CGAGCTAG	24077-30108	NA	NA
wes	germline-wes3	SH12343	FT-SA247721	652423088417	TTCGAGCG	CAAGACGA	23556-50103	NA	NA
wes	germline-wes3	SH12343	FT-SA247722	652426195617	ATCTGTTC	AGCGCATC	23556-50105	NA	NA
wes	germline-wes3	SH13162	FT-SA275642	652409156917	CATTAGCG	ACTGTCGA	23556-30106	NA	NA
wes	germline-wes3	SH13162	FT-SA275643	652423092717	CAAGTACA	AGTAACGT	24077-30109	NA	NA
wes	germline-wes3	SH13162	FT-SA275644	660466672617	ATTCCATG	AGAGCAAT	31765-40101	NA	NA
wes	germline-wes3	SH13162	FT-SA275645	660470429217	GAACTGCA	TTCTACAG	25093-40102	NA	NA
wes	germline-wes3	SH13162	FT-SA275646	660466668517	CGGACACA	GATTCGTA	31190-40103	NA	NA
wes	germline-wes3	SH13162	FT-SA275647	660470429017	TATCCGTT	TCTGAATC	25093-40104	NA	NA
wes	germline-wes3	SH13162	FT-SA275648	622175171317	GTCTCGGA	GTAACGTA	27789-40201	NA	NA
wes	germline-wes3	SH13162	FT-SA275649	622215551617	AACAAGCA	CACGAGAG	27789-40202	NA	NA
wes	germline-wes3	SH13162	FT-SA275650	652369256417	TCACATTC	ATGTCTTG	17418-40301	NA	NA
wes	germline-wes3	SH13162	FT-SA275651	660470421117	TAGGTGTT	ATACGCCG	17413-40302	NA	NA
wes	germline-wes3	SH13162	FT-SA275652	652399031317	GAAGACCT	TTCAGTCG	11463-40303	NA	NA
wes	germline-wes3	SH13162	FT-SA275653	622175171217	GTTGCGTT	CACCATGT	27789-40304	NA	NA
wes	germline-wes3	SH13162	FT-SA275654	652423097017	TGCATGTT	GACCAGTA	25955-40305	NA	NA
wes	germline-wes3	SH13162	FT-SA275655	652424989917	CCGTAACG	AGTGAATG	21743-40411	NA	NA
wes	germline-wes3	SH13162	FT-SA275656	652426195517	GCATAACT	GAGTCACA	23556-40412	NA	NA
wes	germline-wes3	SH13162	FT-SA275657	660484154217	CGACAATC	TGATTGCA	17413-40413	NA	NA
wes	germline-wes3	SH13162	FT-SA275658	660470421217	CGGTACCT	ACCGTAAT	17413-40414	NA	NA
wes	germline-wes3	SH13162	FT-SA275659	622175171417	CTTGTGAG	ACACAGGC	27789-40415	NA	NA
wes	germline-wes3	SH13162	FT-SA275660	652369256517	AGGAACAG	TAGCTCAG	17418-50101	NA	NA
wes	germline-wes3	SH13162	FT-SA275661	652426195717	TCAGCAGC	AAGACATG	23556-50104	NA	NA
wes	germline-wes3	SH13162	FT-SA275662	652423071917	CCAATCCT	CGGTGTTA	20214-50106	NA	NA
wes	germline-wes3	SH13162	FT-SA275663	652423076117	TCCAGATC	CAACAGTC	21274-50107	NA	NA
wes	germline-wes3	SH13162	FT-SA275664	652423084317	AAGGTGGA	CTCGTTAG	21897-50108	NA	NA
wes	germline-wes3	SH13162	FT-SA275665	660484311917	ATTAGGAC	CCTATATC	27476-40106	NA	NA
wes	germline-wes3	SH13162	FT-SA275666	660517357717	TTAGTCCG	CATAGCAG	22828-40107	NA	NA
wes	germline-wes3	SH13162	FT-SA275667	660517464117	GAATCCTT	TACGTACA	27476-40109	NA	NA
wes	germline-wes3	SH13162	FT-SA275668	622199661617	TGAGCCAA	ATCCGAGT	21600-40203	NA	NA
wes	germline-wes3	SH13162	FT-SA275669	652423088717	ATACCTAC	CGAGCTAG	23556-40204	NA	NA
wes	germline-wes3	SH13162	FT-SA275670	622234489817	TTCGAGCG	CAAGACGA	21600-40205	NA	NA
wes	germline-wes3	SH13162	FT-SA275671	652423096917	ATCTGTTC	AGCGCATC	25955-40306	NA	NA
wes	germline-wes3	SH13162	FT-SA275672	652521232817	CATAGCTA	GCTAGTTA	20214-40307	NA	NA
wes	germline-wes3	SH13162	FT-SA275673	652521232517	CTCCACAT	ACACTCCT	20214-40308	NA	NA
wes	germline-wes3	SH13162	FT-SA275674	652521260517	CAACTGAT	ATGTGGAT	20214-40309	NA	NA
wes	germline-wes3	SH13162	FT-SA275675	652533778617	TACGCCAC	TCACCATC	23556-40310	NA	NA
wes	germline-wes3	SH13162	FT-SA275676	652521260617	ACGCGGAA	ACGTTGTG	20214-40416	NA	NA
wes	germline-wes3	SH13162	FT-SA275677	652423065217	AACCATTC	CAGCTCTC	17418-40417	NA	NA
wes	germline-wes3	SH13162	FT-SA275678	652417202417	AGTGGCAG	AATCGCAC	23556-40418	NA	NA
wes	germline-wes3	SH13162	FT-SA275679	652417202317	ACTGCACA	TCGACTGA	23556-40419	NA	NA
wes	germline-wes3	SH13162	FT-SA275680	652533778517	TCGATGCA	AACTCGGC	23556-40420	NA	NA
wes	germline-wes3	SH13162	FT-SA275681	660486310917	GCAGTATT	GTTACATG	28153-50109	NA	NA
wes	germline-wes3	SH13162	FT-SA275682	652423080117	CGTTATAG	TTCTGTTC	21743-50110	NA	NA
wes	germline-wes3	SH13162	FT-SA275683	652422343917	CGTATAGA	TGAGCATG	23556-50111	NA	NA
wes	germline-wes3	SH13162	FT-SA275684	652423080317	CTGACGAC	GTTGAGCG	21743-50112	NA	NA
wes	germline-wes3	SH13162	FT-SA275685	652521266817	TGCAGCGT	TCGAAGTG	21274-50113	NA	NA
wes	germline-wes3	SH13162	FT-SA275686	652423088517	ACGTGCCA	TACTTAGC	23556-50114	NA	NA
wes	germline-wes3	SH13162	FT-SA275687	652470350717	GCAGAAGA	AGCCTCTG	20214-50115	NA	NA
wes	germline-wes3	SH13162	FT-SA275688	660479190817	GAGAGATT	CGTCTGAC	31765-50116	NA	NA
wes	germline-wes3	SH13162	FT-SA275689	660510854017	CAATTCTG	ATGAGTGC	11014-50117	NA	NA
wes	germline-wes3	SH13162	FT-SA275690	652423088617	ATAGTGAC	TATCGGAT	23556-50118	NA	NA
wes	germline-wes3	SH13162	FT-SA275691	652426195817	TCGACCTC	GTCTGAGA	23556-50119	NA	NA
wes	germline-wes3	SH13162	FT-SA275692	652533778717	ATAGGACT	TGGCAACA	23556-50120	NA	NA
wes	germline-wes5	SH13123	FT-SA274537	652470350617	GTGTATCT	CGACGTAA	20214-20307	NA	NA
wes	germline-wes5	SH13123	FT-SA274538	652423065117	ATGTGGTT	CCATAGAG	17418-20309	NA	NA
wes	germline-wes5	SH13123	FT-SA274539	652570661310	CCGTATTA	CGTCAACG	23556-20310	NA	NA
wes	germline-wes5	SH13123	FT-SA274540	652489976717	ACAGACCG	AGAGATGC	24077-20112	NA	NA
wes	tumor-wes	SH11874	FT-SA227999D	6521327873-06	CTCAAGAG	CCGCCTAA	20106	NA	NA
wes	tumor-wes	SH11874	FT-SA228013D	6521496058-05	TCATGCTA	GAGTGTCG	20205	NA	NA
wes	tumor-wes	SH11874	FT-SA239373D	6518052469-03	ACCTATCA	CTATTCCA	21743-10303	NA	NA
wes	tumor-wes	SH11874	FT-SA239376D	6518403126-03	AGGATATG	CATGTGCG	21897-10401	NA	NA
wes	tumor-wes	SH11874	FT-SA239377D	6518403125-03	GTGGTCCT	TCCACCAG	21897-10402	NA	NA
wes	tumor-wes	SH11874	FT-SA239378D	6519948079-13	GTCTACGC	GATAAGGT	17418-10403	NA	NA
wes	tumor-wes	SH11874	FT-SA239379D	6519948080-03	CCAGCACT	AGGACCAT	17418-10404	NA	NA
wes	tumor-wes	SH11874	FT-SA239380D	6519619186-04	TGCGCCTT	AGAACCTG	21743-10501	NA	NA
wes	tumor-wes	SH11875	FT-SA227994D	6520794373-04	AGAACACT	ACAGTGCG	20104	NA	NA
wes	tumor-wes	SH11875	FT-SA228003D	6520931901-05	AAGACTAC	TGCCTAAG	20110	NA	NA
wes	tumor-wes	SH11875	FT-SA228009D	6521410050-06	CGTCGTCT	TGGTCATA	20202	NA	NA
wes	tumor-wes	SH11875	FT-SA239375D	6517927819-04	AACAGAGC	AACAGCTC	24077-10301	NA	NA
wes	tumor-wes	SH11875	FT-SA239384D	6520629888-05	GACTGACG	CCTCACAC	17418-10507	NA	NA
wes	tumor-wes	SH11875	FT-SA239387D	6519619185-05	ATTAACCG	GAGAATTG	21743-30103	NA	NA
wes	tumor-wes	SH11875	FT-SA239391D	6523042055-06	ACGTCGGA	ACTAACTC	17418-30204	NA	NA
wes	tumor-wes	SH11875	FT-SA239392D	6523042052-06	GTGGTTAC	TCGGCAAC	17418-30205	NA	NA
wes	tumor-wes	SH11876	FT-SA227990D	6520794372-04	TCCTGTGC	AACGCCTG	20101	NA	NA
wes	tumor-wes	SH11876	FT-SA227992D	6520720181-04	GCCTAATG	ATACCGAT	20102	NA	NA
wes	tumor-wes	SH11876	FT-SA227997D	6521410056-06	TCCGATTA	ATCGACAC	20105	NA	NA
wes	tumor-wes	SH11876	FT-SA228000D	6521410058-06	CGGTGTGT	AGGTCGAC	20107	NA	NA
wes	tumor-wes	SH11876	FT-SA228007D	6521107996-05	TGAATAGC	GAGTTCGA	20109	NA	NA
wes	tumor-wes	SH11876	FT-SA228011D	6520720180-05	GTAATGGC	AACCGTCT	20204	NA	NA
wes	tumor-wes	SH11876	FT-SA236296D	6520794369-05	CCTTGACT	GTTATGAG	11463-20201	NA	NA
wes	tumor-wes	SH11876	FT-SA239382D	6519948078-04	CAATGGCT	CCTAATAG	17418-10503	NA	NA
wes	tumor-wes	SH11876	FT-SA239389D	6519948077-06	GTTGTATG	CGATCCAA	17418-30303	NA	NA
wes	tumor-wes	SH11876	FT-SA239393D	6523042053-06	ACCGAACT	AGACAGAG	17418-30306	NA	NA
wes	tumor-wes	SH12239	FT-SA246075D	ML2314600	CATTAGCG	ACTGTCGA	23556-40402	NA	NA
wes	tumor-wes	SH12239	FT-SA246076D	ML2314607	CAAGTACA	AGTAACGT	17418-40403	NA	NA
wes	tumor-wes	SH12239	FT-SA246077D	ML2314608	ATTCCATG	AGAGCAAT	23556-30104	NA	NA
wes	tumor-wes	SH12239	FT-SA246079D	ML2314609	GAACTGCA	TTCTACAG	17418-30206	NA	NA
wes	tumor-wes	SH12239	FT-SA246080D	ML2314605	CGGACACA	GATTCGTA	23556-30207	NA	NA
wes	tumor-wes	SH12239	FT-SA246082D	ML2314606	TATCCGTT	TCTGAATC	05572-40405	NA	NA
wes	tumor-wes	SH12239	FT-SA246083D	ML2314602	GTCTCGGA	GTAACGTA	23556-40406	NA	NA
wes	tumor-wes	SH12239	FT-SA246085D	ML2314599	AACAAGCA	CACGAGAG	23556-40409	NA	NA
wes	tumor-wes	SH12239	FT-SA246087D	ML2314598	TCACATTC	ATGTCTTG	17418-40404	NA	NA
wes	tumor-wes	SH12239	FT-SA246088D	ML2315131	TAGGTGTT	ATACGCCG	26463-40407	NA	NA
wes	tumor-wes3	SH12342	FT-SA247154D	6521089222-07	CATTAGCG	ACTGTCGA	20207	NA	NA
wes	tumor-wes3	SH12342	FT-SA247156D	6522261382-05	CAAGTACA	AGTAACGT	20206	NA	NA
wes	tumor-wes3	SH12342	FT-SA247158D	6521760288-07	ATTCCATG	AGAGCAAT	20208	NA	NA
wes	tumor-wes3	SH12342	FT-SA247160D	6521438078-06	GAACTGCA	TTCTACAG	20209	NA	NA
wes	tumor-wes3	SH12342	FT-SA247162D	6523041966-06	CGGACACA	GATTCGTA	20210	NA	NA
wes	tumor-wes3	SH12342	FT-SA247164D	6523041536-06	TATCCGTT	TCTGAATC	20211	NA	NA
wes	tumor-wes3	SH12342	FT-SA247166D	6523041537-06	GTCTCGGA	GTAACGTA	20301	NA	NA
wes	tumor-wes3	SH12342	FT-SA247168D	6523547041-06	AACAAGCA	CACGAGAG	20302	NA	NA
wes	tumor-wes3	SH12342	FT-SA247170D	6523824046-06	TCACATTC	ATGTCTTG	20303	NA	NA
wes	tumor-wes3	SH12342	FT-SA247172D	6523017630-06	TAGGTGTT	ATACGCCG	20306	NA	NA
wes	tumor-wes3	SH12342	FT-SA247174D	6524230738-10	GAAGACCT	TTCAGTCG	30107	NA	NA
wes	tumor-wes3	SH12342	FT-SA247176D	6524230947-10	GTTGCGTT	CACCATGT	30108	NA	NA
wes	tumor-wes3	SH12342	FT-SA247178D	6524230913-06	TGCATGTT	GACCAGTA	50103	NA	NA
wes	tumor-wes3	SH12342	FT-SA247180D	6524230914-06	CCGTAACG	AGTGAATG	50105	NA	NA
wes	tumor-wes4	SH13213	FT-SA275025D	6524091582	CTGCTCAC	CACTTGAT	23556-30106	ML2402464	NA
wes	tumor-wes4	SH13213	FT-SA275026D	6518721110	TGAACTGA	GCGAAGCA	24077-30109	ML2402465	NA
wes	tumor-wes4	SH13213	FT-SA275029D	6604907356	CAACAGGA	TGAACGTT	31190-40103	ML2402477	NA
wes	tumor-wes4	SH13213	FT-SA275030D	6604704319	GACGTCGA	CTTAGGAT	25093-40104	ML2402474	NA
wes	tumor-wes4	SH13213	FT-SA275032D	6222155534	GATTGCCT	GATCTCTG	27789-40202	ML2402525	NA
wes	tumor-wes4	SH13213	FT-SA275033D	6523692580	CTTGAGGC	CGGAATGT	17418-40301	ML2402459	NA
wes	tumor-wes4	SH13213	FT-SA275034D	6604704238	TCGACGGT	ATAGGTTG	17413-40302	ML2402472	NA
wes	tumor-wes4	SH13213	FT-SA275035D	6523043018	CTTAGCCT	TCTCGGTA	11463-40303	ML2402462	NA
wes	tumor-wes4	SH13213	FT-SA275036D	6221751734	AAGAGACA	AACACTCG	27789-40304	ML2402526	NA
wes	tumor-wes4	SH13213	FT-SA275038D	6523525026	AAGCCGCA	AAGTAGGT	21743-40411	ML2405790	NA
wes	tumor-wes4	SH13213	FT-SA275046D	6524230789	ACATAGTG	ACAACTTC	21274-50107	ML2402468	NA
wes	tumor-wes4	SH13213	FT-SA275047D	6524230871	AGAATTCG	ACAAGAGC	21897-50108	ML2402467	NA
wes	tumor-wes4	SH13213	FT-SA275050D	6604704279	AGCCAGTA	ACTATCAG	22828-40107	ML2405817	NA
wes	tumor-wes4	SH13213	FT-SA275051D	6604843138	AGCGCAAC	AGTAGTGA	27476-40109	ML2405816	NA
wes	tumor-wes4	SH13213	FT-SA275057D	6525212420	ATCTCGAC	AGTTCCTT	20214-40307	ML2405786	NA
wes	tumor-wes4	SH13213	FT-SA275059D	6525212421	ATGATAGC	ATAGACCT	20214-40309	ML2405788	NA
wes	tumor-wes4	SH13214	FT-SA275028D	6604704318	TGGCCTGT	TGTCCAGA	25093-40102	ML2402473	NA
wes	tumor-wes4	SH13214	FT-SA275049D	6604843139	TCTCCATC	TGATGTGC	27476-40106	ML2405818	NA
wes	tumor-wes4	SH13214	FT-SA275060D	6523041963	ATTGCTCT	CAGACTTC	23556-40310	ML2405789	NA
wes	tumor-wes4	SH13214	FT-SA275061D	6525067355	CACGGATC	CATACCGC	20214-40416	ML2405792	NA
wes	tumor-wes4	SH13214	FT-SA275062D	6524230677	CATGTCCG	CTCCTGTA	17418-40417	ML2405793	NA
wes	tumor-wes4	SH13214	FT-SA275063D	6524230910	CCAGTCAA	CTGCCACA	23556-40418	ML2405794	NA
wes	tumor-wes4	SH13214	FT-SA275066D	6605070268	CCGTGCAT	CTGGCTGA	28153-50109	ML2405814	NA
wes	tumor-wes4	SH13214	FT-SA275067D	6524230830	CCTACCGA	GACCGTTC	21743-50110	ML2405797	NA
wes	tumor-wes4	SH13214	FT-SA275068D	6524230908	CGCTCATG	GCAGACCA	23556-50111	ML2405798	NA
wes	tumor-wes4	SH13214	FT-SA275069D	6524230828	GAACAATG	GCCGTATG	21743-50112	ML2405799	NA
wes	tumor-wes4	SH13214	FT-SA275070D	6524230786	GACATCCT	GTGTCAAC	21274-50113	ML2405800	NA
wes	tumor-wes4	SH13214	FT-SA275072D	6524230744	GCGAGTCT	TAAGCGCA	20214-50115	ML2405802	NA
wes	tumor-wes4	SH13214	FT-SA275073D	6604906437	GTATGGAG	TACCATCA	31765-50116	ML2405815	NA
wes	tumor-wes4	SH13214	FT-SA275074D	6605108565	GTATTCCA	TATCCATG	11014-50117	ML2405813	NA
wes	tumor-wes4	SH13214	FT-SA275075D	6524226741	TACGTGCA	TCCTATAC	23556-50118	ML2405803	NA
wes	tumor-wes4	SH13214	FT-SA275077D	6525706865	TCGCGATT	TCGGATAG	23556-50120	ML2405805	NA
wes	tumor-wes4	SH13215	FT-SA275031D	6221751733	AAGGTACT	CTTGTCTA	27789-40201	ML2402527	NA
wes	tumor-wes4	SH13215	FT-SA275037D	6524230994	AGTACTCA	ATGGCCGT	25955-40305	ML2402463	NA
wes	tumor-wes4	SH13215	FT-SA275039D	6523483942	AATCGCTC	AGAGGCAG	23556-40412	ML2405791	NA
wes	tumor-wes4	SH13215	FT-SA275043D	6523467079	GCTTATGT	ATTCCGCG	17418-50101	ML2402461	NA
wes	tumor-wes4	SH13215	FT-SA275044D	6524230912	CCATATGC	CAACGAGT	23556-50104	ML2402466	NA
wes	tumor-wes4	SH13215	FT-SA275045D	6524230747	TCTGTCGA	GAAGAAGT	20214-50106	ML2402460	NA
wes	tumor-wes4	SH13215	FT-SA275048D	6604666712	TCAGGCAT	TCGTTGAT	25446-40105	ML2405819	NA
wes	tumor-wes4	SH13215	FT-SA275052D	6221996636	ATGGTGTG	GATGACCT	21600-40203	ML2405823	NA
wes	tumor-wes4	SH13215	FT-SA275053D	6524230909	CGATCTTA	TGACTCAA	23556-40204	ML2405784	NA
wes	tumor-wes4	SH13215	FT-SA275055D	6222538820	CACTACCA	TGGTACTT	21600-40207	ML2405821	NA
wes	tumor-wes4	SH13215	FT-SA275064D	6523547043	CTAGATAC	GCCTCAAT	23556-40419	ML2405795	NA
wes	tumor-wes4	SH13215	FT-SA275065D	6524404054	GAGTACAG	ATTACCAC	23556-40420	ML2405796	NA
wes	tumor-wes4	SH13215	FT-SA275071D	6524230915	AGAAGGAG	CGAAGTTC	23556-50114	ML2405801	NA
wes	tumor-wes4	SH13216	FT-SA275076D	6524226744	GACATGTA	ACCGAGTC	23556-50119	ML2405804	NA
wes	tumor-wes4	SH13254	FT-SA275027D	6604666753	GTCAGGCT	TAGCTGGA	31765-40101	ML2402471	NA
wes	tumor-wes4	SH13254	FT-SA275041D	6604807624	CTCCGCTA	CGTAGATA	17413-40414	ML2402476	NA
wes	tumor-wes5	SH13121	FT-SA274542D	652304168206	CGAAGGTA	TGCGACTC	20112	NA	NA
wes	tumor-wes5	SH13121	FT-SA274546D	652423067206	CATACAGC	CCAGTGGA	20309	NA	NA
wes	tumor-wes5	SH13121	FT-SA274548D	652382404406	TGCGATGT	GAGCTGAT	20310	NA	NA
